19 Mars 1962 (square du)	,	Lundi vendredi matin	,	Jeudi matin	,	Lundi matin	,	Secteur A	,	Secteur 1
4 Chemins (allée des)	,	Lundi vendredi matin	,	Jeudi matin	,	Lundi matin	,	Secteur C	,	Secteur 2
8 Mai 1945 (carrefour du)	,	Lundi vendredi soir	,	Jeudi soir	,	Lundi matin	,	Secteur D	,	Secteur 3
Acacias (avenue des)	,	Lundi vendredi soir	,	Jeudi soir	,	Lundi matin	,	Secteur D	,	Secteur 3
Adèle (rue)	,	Lundi vendredi matin	,	Jeudi matin	,	Lundi matin	,	Secteur D	,	Secteur 2
Adolphe Schneider (avenue)	,	Lundi vendredi matin	,	Jeudi matin	,	Lundi matin	,	Secteur C	,	Secteur 2
Agry (cité d’)	,	Lundi vendredi matin	,	Jeudi matin	,	Lundi matin	,	Secteur B	,	Secteur 1
Aime Césaire (place)	,	Lundi vendredi soir	,	Jeudi soir	,	Lundi matin	,	Secteur D	,	Secteur 4
Albert Neveu (rue)	,	Lundi vendredi soir	,	Jeudi soir	,	Lundi matin	,	Secteur D	,	Secteur 1
Alexandre Barbaroux (rue)	,	Lundi vendredi matin	,	Jeudi matin	,	Lundi matin	,	Secteur A	,	Secteur 2
Alfred (rue)	,	Lundi vendredi matin	,	Jeudi matin	,	Lundi matin	,	Secteur D	,	Secteur 2
Alphonse Daudet (rue)	,	Lundi vendredi matin	,	Jeudi matin	,	Lundi matin	,	Secteur B	,	Secteur 4
Alsace (rue d’)	,	Borne enterrée	,	Borne enterrée	,	Lundi matin	,	Borne enterrée	,	Secteur 4
Anatole France (rue)	,	Lundi vendredi soir	,	Jeudi soir	,	Lundi matin	,	Secteur D	,	Secteur 4
Andreas Beck (rue)	,	Lundi vendredi soir	,	Jeudi soir	,	Lundi matin	,	Secteur D	,	Secteur 4
Andreas Beck (Hôpital) (rue)	,	Lundi, mercredi et vendredi soir	,	Jeudi soir	,	Lundi matin	,	Secteur D	,	Secteur 4
Andrée (villa)	,	Lundi vendredi matin	,	Jeudi matin	,	Lundi matin	,	Secteur A	,	Secteur 1
Anjou Pavé Blanc (cité)	,	Lundi vendredi soir	,	Jeudi soir	,	Lundi matin	,	Secteur D	,	Secteur 3
Antoine Bourdelle (rue)	,	Borne enterrée	,	Borne enterrée	,	Lundi matin	,	Borne enterrée	,	Secteur 3
Antoine Chanut (rue)	,	Lundi vendredi soir	,	Jeudi soir	,	Lundi matin	,	Secteur D	,	Secteur 4
Antoine Courbarien (rue)	,	Lundi vendredi matin	,	Jeudi matin	,	Lundi matin	,	Secteur C	,	Secteur 2
Antoine Grossin (allée)	,	Lundi vendredi matin	,	Jeudi matin	,	Lundi matin	,	Secteur D	,	Secteur 2
Antoine Portal (allée)	,	Borne enterrée	,	Borne enterrée	,	Lundi matin	,	Borne enterrée	,	Secteur 3
Appel du 18 Juin 1940 (square de l’)	,	Lundi vendredi matin	,	Jeudi matin	,	Lundi matin	,	Secteur B	,	Secteur 1
Aquitaine (rue d’)	,	Borne enterrée	,	Borne enterrée	,	Lundi matin	,	Borne enterrée	,	Secteur 3
Arbres Verts (carrefour des)	,	Lundi vendredi soir	,	Jeudi soir	,	Lundi matin	,	Secteur D	,	Secteur 3
Arménie (rue d’)	,	Lundi vendredi matin	,	Jeudi matin	,	Lundi matin	,	Secteur C	,	Secteur 2
Arsène Georges (allée)	,	Lundi vendredi matin	,	Jeudi matin	,	Lundi matin	,	Secteur C	,	Secteur 2
Artois (rue d’)	,	Borne enterrée	,	Borne enterrée	,	Lundi matin	,	Borne enterrée	,	Secteur 3
Aubépines (rue des)	,	Lundi vendredi soir	,	Jeudi soir	,	Lundi matin	,	Secteur D	,	Secteur 3
Auvergne (rue d’)	,	Borne enterrée + lundi, mercredi et vendredi soir	,	Borne enterrée + jeudi soir	,	Lundi matin	,	Borne enterrée + Secteur D	,	Secteur 4
Avenir (allée de l’)	,	Lundi vendredi matin	,	Jeudi matin	,	Lundi matin	,	Secteur D	,	Secteur 2
Balanche (allée)	,	Lundi vendredi matin	,	Jeudi matin	,	Lundi matin	,	Secteur A	,	Secteur 2
Baudry (allée)	,	Lundi vendredi matin	,	Jeudi matin	,	Lundi matin	,	Secteur D	,	Secteur 2
Bearn (rue du)	,	Borne enterrée	,	Borne enterrée	,	Lundi matin	,	Borne enterrée	,	Secteur 4
Beauséjour (avenue)	,	Lundi vendredi soir	,	Jeudi soir	,	Lundi matin	,	Secteur B	,	Secteur 4
Beausoleil (allée)	,	Lundi vendredi matin	,	Jeudi matin	,	Lundi matin	,	Secteur A	,	Secteur 2
Bel Air (allée du)	,	Lundi vendredi matin	,	Jeudi matin	,	Lundi matin	,	Secteur D	,	Secteur 2
Bellevue (impasse)	,	Lundi vendredi soir	,	Jeudi soir	,	Lundi matin	,	Secteur B	,	Secteur 4
Bergères (rue des)	,	Lundi vendredi soir	,	Jeudi soir	,	Lundi matin	,	Secteur D	,	Secteur 3
Bernard de Vantadour (allée)	,	Borne enterrée	,	Borne enterrée	,	Lundi matin	,	Borne enterrée	,	Secteur 3
Berry (allée du)	,	Borne enterrée	,	Borne enterrée	,	Lundi matin	,	Borne enterrée	,	Secteur 4
Bièvres (rue de) - côté pair du n°2 au 16 et côté impair du n°1 au 5,	Lundi, mercredi et vendredi matin	,	Jeudi matin	,	Lundi matin	,	Secteur X	,	Secteur 4
Bièvres (rue de) - côté pair du n°18 au 46 et côté impair du n°7 au 75	,	Lundi, mercredi et vendredi matin	,	Jeudi matin	,	Lundi matin	,	Secteur X	,	Secteur 3
Blanche (allée)	,	Lundi et vendredi matin	,	Jeudi matin	,	Lundi matin	,	Secteur A	,	Secteur 1
Blanchisseurs (rue des)	,	Lundi, mercredi et vendredi matin	,	Jeudi matin	,	Lundi matin	,	Secteur D	,	Secteur 2
Boileau (rue)	,	Lundi et vendredi soir	,	Jeudi soir	,	Lundi matin	,	Secteur D	,	Secteur 3
Bois (rue du)	,	Lundi et vendredi soir	,	Jeudi soir	,	Lundi matin	,	Secteur D	,	Secteur 1
Bois Tardieu (aveue du)	- Du n°2 au 7,	Lundi et vendredi matin	,	Jeudi matin	,	Lundi matin	,	Secteur D	,	Secteur 3
Bois Tardieu (aveue du)	- du 10 au 29,	Lundi et vendredi soir	,	Jeudi soir	,	Lundi matin	,	Secteur D	,	Secteur 3
Bois Tardieu (place du)	,	Lundi et vendredi soir	,	Jeudi soir	,	Lundi matin	,	Secteur D	,	Secteur 3
Bonnelais (rue) - du 2 au 26	,	Lundi et vendredi soir	,	Jeudi soir	,	Lundi matin	,	Secteur B	, Secteur 1
Bonnelais (rue)	- du 27 au 67,	Lundi et vendredi soir	,	Jeudi soir	,	Lundi matin	,	Secteur B	,	Secteur 4
Bosquets (rue des)	,	Lundi et vendredi soir	,	Jeudi soir	,	Lundi matin	,	Secteur D	,	Secteur 3
Bossuet (rue)	,	Lundi, mercredi et vendredi soir	,	Jeudi soir	,	Lundi matin	,	Secteur D	,	Secteur 3
Boullet (allée)	,	Lundi et vendredi matin	,	Jeudi matin	,	Lundi matin	,	Secteur D	,	Secteur 2
Bourcillière (rue de la)	,	Lundi et vendredi soir	,	Jeudi soir	,	Lundi matin	,	Secteur D	,	Secteur 3
Bourgeois (villa)	,	Lundi et vendredi matin	,	Jeudi matin	,	Lundi matin	,	Secteur B	,	Secteur 4
Bourgogne (rue de)	,	Lundi et vendredi soir	,	Jeudi soir	,	Lundi matin	,	Secteur D	,	Secteur 4
Bourgogne (7 rue de)	,	Lundi, mercredi et vendredi soir	,	Jeudi soir	,	Lundi matin	,	Secteur D	,	Secteur 4
Bourgogne (9 rue de)	,	Lundi, mercredi et vendredi soir	,	Jeudi soir	,	Lundi matin	,	Secteur D	,	Secteur 4
Breant (allée)	,	Lundi et vendredi matin	,	Jeudi matin	,	Lundi matin	,	Secteur A	,	Secteur 2
Bretagne (rue de)	,	Borne enterrée	,	Borne enterrée	,	Lundi matin	,	Borne enterrée	,	Secteur 4
Bretagne (numéros impairs du 1 au 7 et pairs du 36 au 40) (rue de)	,	Lundi, mercredi et vendredi soir	,	Jeudi soir	,	Lundi matin	,	Secteur D	,	Secteur 4
Brignole Galliera (rue)	,	Lundi et vendredi matin	,	Jeudi matin	,	Lundi matin	,	Secteur D	,	Secteur 2
Brissard (allée)	,	Lundi et vendredi matin	,	Jeudi matin	,	Lundi matin	,	Secteur C	,	Secteur 2
Brissard (rue)	,	Lundi et vendredi matin	,	Jeudi matin	,	Lundi matin	,	Secteur C	,	Secteur 2
Canal (square du)	,	Lundi et vendredi soir	,	Jeudi soir	,	Lundi matin	,	Secteur D	,	Secteur 4
Canal (allée du)	,	Lundi et vendredi soir	,	Jeudi soir	,	Lundi matin	,	Secteur D	,	Secteur 4
Capitaine Deullin (rue du)	,	Lundi et vendredi soir	,	Jeudi soir	,	Lundi matin	,	Secteur D	,	Secteur 3
Capitaine Tarron (rue du)	,	Lundi et vendredi soir	,	Jeudi soir	,	Lundi matin	,	Secteur D	,	Secteur 3
Carnets (impasse des)	,	Lundi et vendredi soir	,	Jeudi soir	,	Lundi matin	,	Secteur D	,	Secteur 4
Carnets (rue des)	,	Lundi et vendredi soir	,	Jeudi soir	,	Lundi matin	,	Secteur D	,	Secteur 4
Cavée (rue de la)	,	Lundi et vendredi soir	,	Jeudi soir	,	Lundi matin	,	Secteur D	,	Secteur 4
Cécile Dinant (rue)	,	Lundi et vendredi matin	,	Jeudi matin	,	Lundi matin	,	Secteur C	,	Secteur 2
Cèdre (rue du)	,	Lundi et vendredi matin	,	Jeudi matin	,	Lundi matin	,	Secteur D	,	Secteur 2
Celine (rue)	,	Lundi et vendredi matin	,	Jeudi matin	,	Lundi matin	,	Secteur D	,	Secteur 1
Cerisiers (cité des)	,	Lundi et vendredi matin	,	Jeudi matin	,	Lundi matin	,	Secteur A	,	Secteur 2
Cerisiers (villa des)	,	Lundi et vendredi matin	,	Jeudi matin	,	Lundi matin	,	Secteur C	,	Secteur 2
Chaillots (rue des)	,	Lundi et vendredi matin	,	Jeudi matin	,	Lundi matin	,	Secteur D	,	Secteur 2
Chamberet (rue)	,	Lundi et vendredi matin	,	Jeudi matin	,	Lundi matin	,	Secteur D	,	Secteur 2
Champ Faucillon (rue du)	,	Lundi et vendredi soir	,	Jeudi soir	,	Lundi matin	,	Secteur D	,	Secteur 1
Champagne (rue de)	,	Borne enterrée	,	Borne enterrée	,	Lundi matin	,	Borne enterrée	,	Secteur 4
Chapelle (allée de la)	,	Lundi et vendredi soir	,	Jeudi soir	,	Lundi matin	,	Secteur D	,	Secteur 4
Charles Debry (rue)	,	Lundi et vendredi soir	,	Jeudi soir	,	Lundi matin	,	Secteur D	,	Secteur 3
Charbonniers (avenue des)	,	Lundi et vendredi soir	,	Jeudi soir	,	Lundi matin	,	Secteur D	,	Secteur 3
Charles Louis (allée)	,	Lundi et vendredi matin	,	Jeudi matin	,	Lundi matin	,	Secteur C	,	Secteur 2
Charmettes (rue des)	,	Lundi et vendredi soir	,	Jeudi soir	,	Lundi matin	,	Secteur D	,	Secteur 3
Châtaigniers (rue des)	,	Lundi et vendredi matin	,	Jeudi matin	,	Lundi matin	,	Secteur D	,	Secteur 2
Château (rue du)	,	Lundi et vendredi soir	,	Jeudi soir	,	Lundi matin	,	Secteur B	,	Secteur 4
Châtillon (rue de)	,	Lundi et vendredi matin	,	Jeudi matin	,	Lundi matin	,	Secteur B	,	Secteur 1
Chef de Ville (rue)	,	Lundi, mercredi et vendredi matin	,	Jeudi matin	,	Lundi matin	,	Secteur D	,	Secteur 1
Chemin de Fer Nord (sentier du)	,	Lundi et vendredi matin	,	Jeudi matin	,	Lundi matin	,	Secteur C	,	Secteur 2
Chemin de Fer Sud (sentier du)	,	Lundi et vendredi matin	,	Jeudi matin	,	Lundi matin	,	Secteur C	,	Secteur 2
Chemin Vert (rue du)	,	Lundi et vendredi matin	,	Jeudi matin	,	Lundi matin	,	Secteur C	,	Secteur 2
Chevreuse (villa de)	,	Lundi, mercredi et vendredi soir	,	Jeudi soir	,	Lundi matin	,	Secteur D	,	Secteur 1
Chevreuse (allée de)	,	Lundi et vendredi soir	,	Jeudi soir	,	Lundi matin	,	Secteur D	,	Secteur 4
Cimetière Intercommunal (rue du)	,	Lundi et vendredi soir	,	Jeudi soir	,	Lundi matin	,	Secteur D	,	Secteur 3
Clamart (carrefour de)	,	Lundi et vendredi soir	,	Jeudi soir	,	Lundi matin	,	Secteur D	,	Secteur 3
Clément Ader (allée)	,	Borne enterrée	,	Borne enterrée	,	Lundi matin	,	Borne enterrée	,	Secteur 3
Clos Fleury (allée du)	,	Lundi et vendredi matin	,	Jeudi matin	,	Lundi matin	,	Secteur C	,	Secteur 2
Clos Montholon (rue du)	,	Lundi, mercredi et vendredi matin	,	Jeudi matin	,	Lundi matin	,	Secteur C	,	Secteur 2
Closiaux (rue des)	,	Lundi et vendredi matin	,	Jeudi matin	,	Lundi matin	,	Secteur A	,	Secteur 1
Closiaux (villa des)	,	Lundi et vendredi matin	,	Jeudi matin	,	Lundi matin	,	Secteur A	,	Secteur 1
Collet Ferry (impasse)	,	Lundi et vendredi soir	,	Jeudi soir	,	Lundi matin	,	Secteur D	,	Secteur 3
Colombe (impasse)	,	Lundi et vendredi matin	,	Jeudi matin	,	Lundi matin	,	Secteur B	,	Secteur 3
Commandant Duval (rue du)	,	Lundi et vendredi soir	,	Jeudi soir	,	Lundi matin	,	Secteur D	,	Secteur 3
Condorcet (allée)	,	Lundi et vendredi matin	,	Jeudi matin	,	Lundi matin	,	Secteur C	,	Secteur 2
Condorcet (rue)	,	Lundi et vendredi matin	,	Jeudi matin	,	Lundi matin	,	Secteur C	,	Secteur 2
Condorcet (19 rue)	,	Lundi, mercredi et vendredi matin	,	Jeudi matin	,	Lundi matin	,	Secteur C	,	Secteur 2
Constant Pape (rue)	,	Lundi et vendredi matin	,	Jeudi matin	,	Lundi matin	,	Secteur C	,	Secteur 2
Coquelicots (rue des)	,	Lundi et vendredi soir	,	Jeudi soir	,	Lundi matin	,	Secteur D	,	Secteur 3
Corneille (rue)	,	Lundi et vendredi soir	,	Jeudi soir	,	Lundi matin	,	Secteur D	,	Secteur 3
Corse (allée de)	,	Borne enterrée	,	Borne enterrée	,	Lundi matin	,	Borne enterrée	,	Secteur 4
Côte Sainte Catherine (chemin de la)	,	Lundi et vendredi soir	,	Jeudi soir	,	Lundi matin	,	Secteur D	,	Secteur 4
Coteau (villa du)	,	Lundi et vendredi matin	,	Jeudi matin	,	Lundi matin	,	Secteur A	,	Secteur 2
Cour Creuse (villa)	,	Lundi et vendredi matin	,	Jeudi matin	,	Lundi matin	,	Secteur B	,	Secteur 1
Crouy (rue de)	,	Lundi et vendredi soir	,	Jeudi soir	,	Lundi matin	,	Secteur D	,	Secteur 3
Danton (rue)	,	Lundi et vendredi soir	,	Jeudi soir	,	Lundi matin	,	Secteur D	,	Secteur 3
Dauphine (allée de)	,	Borne enterrée	,	Borne enterrée	,	Lundi matin	,	Borne enterrée	,	Secteur 4
Denis Abraham (rue)	,	Lundi et vendredi matin	,	Jeudi matin	,	Lundi matin	,	Secteur A	,	Secteur 1
Denis Gogue (rue)	,	Lundi et vendredi matin	,	Jeudi matin	,	Lundi matin	,	Secteur C	,	Secteur 2
Denis Papin (avenue)	,	Lundi et vendredi soir	,	Jeudi soir	,	Lundi matin	,	Secteur D	,	Secteur 3
Désire Filleaud (villa)	,	Lundi et vendredi matin	,	Jeudi matin	,	Lundi matin	,	Secteur D	,	Secteur 2
Dewoitine (allée)	,	Borne enterrée	,	Borne enterrée	,	Lundi matin	,	Borne enterrée	,	Secteur 3
Diderot (rue)	,	Lundi et vendredi soir	,	Jeudi soir	,	Lundi matin	,	Secteur D	,	Secteur 3
Division Leclerc (rue de la)	,	Lundi et vendredi soir	,	Jeudi soir	,	Lundi matin	,	Secteur D	,	Secteur 3
Division Leclerc (lycée) (47 rue de la)	,	Lundi et vendredi matin	,	Jeudi matin	,	Lundi matin	,	Secteur D	,	Secteur 3
Docteur Calmette (avenue du)	,	Lundi et vendredi matin	,	Jeudi matin	,	Lundi matin	,	Secteur C	,	Secteur 2
Docteur Roux (rue du)	,	Lundi et vendredi soir	,	Jeudi soir	,	Lundi matin	,	Secteur D	,	Secteur 3
Dorliat (passage)	,	Lundi et vendredi matin	,	Jeudi matin	,	Lundi matin	,	Secteur A	,	Secteur 2
Dormelles (rue de)	,	Lundi et vendredi matin	,	Jeudi matin	,	Lundi matin	,	Secteur D	,	Secteur 2
Drouet Peupion (rue)	,	Lundi et vendredi matin	,	Jeudi matin	,	Lundi matin	,	Secteur D	,	Secteur 2
Duffaut (rue)	,	Lundi et vendredi matin	,	Jeudi matin	,	Lundi matin	,	Secteur D	,	Secteur 2
École diu Canal (rue de l’)	,	Lundi et vendredi soir	,	Jeudi soir	,	Lundi matin	,	Secteur D	,	Secteur 4
Édison (rue)	,	Lundi et vendredi soir	,	Jeudi soir	,	Lundi matin	,	Secteur D	,	Secteur 1
Édouard (rue)	,	Lundi et vendredi matin	,	Jeudi matin	,	Lundi matin	,	Secteur D	,	Secteur 2
Église (rue de l’)	,	Lundi, mercredi et vendredi matin	,	Jeudi matin	,	Lundi matin	,	Secteur B	,	Secteur 1
Église (place de l’)	,	Lundi et vendredi matin	,	Jeudi matin	,	Lundi matin	,	Secteur B	,	Secteur 1
Élise (villa)	,	Lundi et vendredi matin	,	Jeudi matin	,	Lundi matin	,	Secteur A	,	Secteur 2
Émilienne (rue)	,	Lundi et vendredi matin	,	Jeudi matin	,	Lundi matin	,	Secteur D	,	Secteur 2
Emmanuel Sarty (rue)	,	Lundi et vendredi matin	,	Jeudi matin	,	Lundi matin	,	Secteur C	,	Secteur 2
Entrepreneurs (villa des)	,	Lundi et vendredi soir	,	Jeudi soir	,	Lundi matin	,	Secteur D	,	Secteur 3
Épis d’Or (rue des)	,	Lundi et vendredi soir	,	Jeudi soir	,	Lundi matin	,	Secteur D	,	Secteur 3
Ermitage (rue de l’)	,	Lundi et vendredi matin	,	Jeudi matin	,	Lundi matin	,	Secteur B	,	Secteur 3
Esperance (rue de l’)	,	Lundi et vendredi soir	,	Jeudi soir	,	Lundi matin	,	Secteur D	,	Secteur 3
Est (rue de l’)	,	Lundi, mercredi et vendredi matin	,	Jeudi matin	,	Lundi matin	,	Secteur B	,	Secteur 1
Estienne d’Orves (rue d’)	,	Lundi, mercredi et vendredi matin	,	Jeudi matin	,	Lundi matin	,	Secteur C	,	Secteur 2
Estienne d’Orves (impasse)	,	Lundi et vendredi matin	,	Jeudi matin	,	Lundi matin	,	Secteur D	,	Secteur 2
Étangs (rue des)	,	Lundi et vendredi soir	,	Jeudi soir	,	Lundi matin	,	Secteur B	,	Secteur 4
Eugène Beaujard (carrefour)	,	Lundi et vendredi soir	,	Jeudi soir	,	Lundi matin	,	Secteur D	,	Secteur 4
Fauveau (rue)	,	Lundi et vendredi matin	,	Jeudi matin	,	Lundi matin	,	Secteur D	,	Secteur 2
Fauveau (1 rue)	,	Lundi, mercredi et vendredi matin	,	Jeudi matin	,	Lundi matin	,	Secteur D	,	Secteur 2
Ferdinand Buisson (rue)	,	Lundi et vendredi matin	,	Jeudi matin	,	Lundi matin	,	Secteur C	,	Secteur 2
Ferrari (place)	,	Lundi, mercredi et vendredi matin	,	Jeudi matin	,	Lundi matin	,	Secteur B	,	Secteur 1
Fêtes (place des)	,	Lundi et vendredi matin	,	Jeudi matin	,	Lundi matin	,	Secteur C	,	Secteur 2
Feuillants (rue des)	,	Lundi et vendredi soir	,	Jeudi soir	,	Lundi matin	,	Secteur D	,	Secteur 4
Fillassier (rue)	,	Lundi, mercredi et vendredi matin	,	Jeudi matin	,	Lundi matin	,	Secteur B	,	Secteur 1
Filon (allée du)	,	Lundi et vendredi matin	,	Jeudi matin	,	Lundi matin	,	Secteur A	,	Secteur 1
Flandre (rue de)	,	Borne enterrée	,	Borne enterrée	,	Lundi matin	,	Borne enterrée	,	Secteur 3
Fleurs (rue des)	,	Lundi et vendredi soir	,	Jeudi soir	,	Lundi matin	,	Secteur D	,	Secteur 3
Fleury (passage)	,	Lundi et vendredi matin	,	Jeudi matin	,	Lundi matin	,	Secteur C	,	Secteur 2
Fleury (rue de)	,	Lundi et vendredi matin	,	Jeudi matin	,	Lundi matin	,	Secteur C	,	Secteur 2
Fleury (vieux chemin de)	,	Lundi et vendredi matin	,	Jeudi matin	,	Lundi matin	,	Secteur D	,	Secteur 2
Fleury (villa)	,	Lundi et vendredi matin	,	Jeudi matin	,	Lundi matin	,	Secteur C	,	Secteur 2
Fond des Roissis (sentier du)	,	Lundi et vendredi matin	,	Jeudi matin	,	Lundi matin	,	Secteur A	,	Secteur 2
Fontaine (rue de la)	,	Lundi, mercredi et vendredi matin	,	Jeudi matin	,	Lundi matin	,	Secteur B	,	Secteur 1
Fontenay (rue de) - du 1 au 3,	Lundi et vendredi matin,	Jeudi matin,	Lundi matin	,	Secteur B	,	Secteur 4
Fontenay (rue de) - du 10 au 91,	Lundi et vendredi soir,	Jeudi soir,	Lundi matin	,	Secteur B	,	Secteur 4
Fontenay (sentier de)	,	Lundi et vendredi soir	,	Jeudi soir	,	Lundi matin	,	Secteur B	,	Secteur 4
Fontenay (square de)	,	Lundi et vendredi soir	,	Jeudi soir	,	lundi matin	,	Secteur B	,	Secteur 4
Fort (rue du)	,	Lundi et vendredi soir	,	Jeudi soir	,	Lundi matin	,	Secteur B	,	Secteur 4
Fosse Bazin (chemin de la)	,	Lundi et vendredi soir	,	Jeudi soir	,	Lundi matin	,	Secteur D	,	Secteur 4
Fougères (rue des)	,	Lundi et vendredi matin	,	Jeudi matin	,	Lundi matin	,	Secteur D	,	Secteur 2
Fournier (rue)	,	Lundi et vendredi matin	,	Jeudi matin	,	Lundi matin	,	Secteur C	,	Secteur 2
Framboisiers (allée des)	,	Lundi et vendredi matin	,	Jeudi matin	,	Lundi matin	,	Secteur D	,	Secteur 2
Franck (passage)	,	Lundi et vendredi soir	,	Jeudi soir	,	Lundi matin	,	Secteur B	,	Secteur 4
Francois Desprez (rue)	,	Lundi et vendredi matin	,	Jeudi matin	,	Lundi matin	,	Secteur B	,	Secteur 4
François Étienne (rue)	,	Lundi et vendredi matin	,	Jeudi matin	,	Lundi matin	,	Secteur D	,	Secteur 2
Françoise Barré-Sinoussi (rue)	,	Lundi et vendredi soir	,	Jeudi soir	,	Lundi matin	,	Secteur D	,	Secteur 4
Frédéric Mistral (rue)	,	Lundi et vendredi matin	,	Jeudi matin	,	Lundi matin	,	Secteur C	,	Secteur 2
Frères Vigouroux (boulevard des)	,	Lundi, mercredi et vendredi matin	,	Jeudi matin	,	Lundi matin	,	Secteur A	,	Secteur 2
Gabriel Péri (rue)	,	Lundi, mercredi et vendredi matin	,	Jeudi matin	,	Lundi matin	,	Secteur A	,	Secteur 1
Gabrielle (rue)	,	Lundi et vendredi soir	,	Jeudi soir	,	Lundi matin	,	Secteur D	,	Secteur 1
Gaité (rue de la)	,	Lundi et vendredi soir	,	Jeudi soir	,	Lundi matin	,	Secteur D	,	Secteur 3
Galilée (avenue)	,	Lundi et vendredi soir	,	Jeudi soir	,	Lundi matin	,	Secteur D	,	Secteur 4
Galvents (impasse des)	,	Lundi et vendredi soir	,	Jeudi soir	,	Lundi matin	,	Secteur B	,	Secteur 4
Galvents (rue des)	,	Lundi et vendredi soir	,	Jeudi soir	,	Lundi matin	,	Secteur B	,	Secteur 4
Gambetta (rue)	,	Lundi et vendredi matin	,	Jeudi matin	,	Lundi matin	,	Secteur C	,	Secteur 2
Gambrinus (allée)	,	Lundi et vendredi matin	,	Jeudi matin	,	Lundi matin	,	Secteur D	,	Secteur 2
Gamets (allée des)	,	Lundi et vendredi matin	,	Jeudi matin	,	Lundi matin	,	Secteur A	,	Secteur 2
Garde (place du)	,	Lundi et vendredi matin	,	Jeudi matin	,	Lundi matin	,	Secteur B	,	Secteur 2
Gare (place de la)	,	Lundi et vendredi matin	,	Jeudi matin	,	Lundi matin	,	Secteur A	,	Secteur 2
Gare (villa de la)	,	Lundi et vendredi matin	,	Jeudi matin	,	Lundi matin	,	Secteur D	,	Secteur 2
Garenne (route de la)	,	Lundi vendredi soir	,	Jeudi soir	,	Lundi matin	,	Secteur D	,	Secteur 3
Garrements (allée des)	,	Lundi et vendredi matin	,	Jeudi matin	,	Lundi matin	,	Secteur A	,	Secteur 2
Garrements (rue des)	,	Lundi et vendredi matin	,	Jeudi matin	,	Lundi matin	,	Secteur A	,	Secteur 2
Gascogne (rue de)	,	Lundi vendredi soir	,	Jeudi soir	,	Lundi matin	,	Secteur D	,	Secteur 4
Gaston (impasse)	,	Lundi et vendredi matin	,	Jeudi matin	,	Lundi matin	,	Secteur A	,	Secteur 1
Gaston Dupouy (allée)	,	Borne enterrée	,	Borne enterrée	,	Lundi matin	,	Borne enterrée	,	Secteur 3
Gathelot (rue)	,	Lundi et vendredi matin	,	Jeudi matin	,	Lundi matin	,	Secteur B	,	Secteur 1
Général de Gaulle (avenue du) - côté pair du n°2 au 442 et côté impair du n°1 au 453,	Lundi et vendredi soir	,	Jeudi soir	,	Lundi matin	,	Secteur D	, Secteur 4
Général de Gaulle (avenue du) - côté pair du n°446 au 546 et côté impair du n° 455 au 551,	Lundi et vendredi soir	,	Jeudi soir	,	Lundi matin	,	Secteur D	, Secteur 3
Général Eisenhower (rue du)	,	Lundi et vendredi soir	,	Jeudi soir	,	Lundi matin	,	Secteur D	,	Secteur 3
Général Leclerc (rond point du)	,	Lundi et vendredi soir	,	Jeudi soir	,	Lundi matin	,	Secteur D	,	Secteur 3
Général Négrier (rue du)	,	Lundi et vendredi matin	,	Jeudi matin	,	Lundi matin	,	Secteur C	,	Secteur 2
Georges Huguet (rue)	,	Lundi et vendredi matin	,	Jeudi matin	,	Lundi matin	,	Secteur D	,	Secteur 2
Ginette (villa)	,	Lundi et vendredi matin	,	Jeudi matin	,	Lundi matin	,	Secteur A	,	Secteur 1
Grand Cedre (allée du)	,	Lundi, mercredi et vendredi matin	,	Jeudi matin	,	Lundi matin	,	Secteur B	,	Secteur 1
Groseilliers (allée des)	,	Lundi et vendredi matin	,	Jeudi matin	,	Lundi matin	,	Secteur A	,	Secteur 1
Groux (impasse des)	,	Lundi et vendredi matin	,	Jeudi matin	,	Lundi matin	,	Secteur A	,	Secteur 1
Groux (rue des)	,	Lundi et vendredi matin	,	Jeudi matin	,	Lundi matin	,	Secteur A	,	Secteur 1
Guet (rue du)	,	Lundi et vendredi matin	,	Jeudi matin	,	Lundi matin	,	Secteur B	,	Secteur 1
Gymnase (passage du)	,	Borne enterrée	,	Borne enterrée	,	Lundi matin	,	Borne enterrée	,	Secteur 4
Gymnase (3 passage du)	,	Lundi, mercredi et vendredi soir	,	Jeudi soir	,	Lundi matin	,	Secteur D	,	Secteur 4
Impasse H. Et F. Oellers	,	Lundi et vendredi matin	,	Jeudi matin	,	Lundi matin	,	Secteur C	,	Secteur 2
Hameau (impasse du)	,	Lundi et vendredi soir	,	Jeudi soir	,	Lundi matin	,	Secteur D	,	Secteur 3
Hauts Jardins (impasse des)	,	Lundi et vendredi matin	,	Jeudi matin	,	Lundi matin	,	Secteur B	,	Secteur 4
Hauts Jardins (mail des)	,	Lundi et vendredi matin	,	Jeudi matin	,	Lundi matin	,	Secteur B	,	Secteur 4
Hauts Montrous (sentier des)	,	Lundi et vendredi matin	,	Jeudi matin	,	Lundi matin	,	Secteur C	,	Secteur 2
Hebert (rue)	,	Lundi, mercredi et vendredi matin	,	Jeudi matin	,	Lundi matin	,	Secteur A	,	Secteur 2
Henri Barbusse (avenue)	,	Lundi et vendredi matin	,	Jeudi matin	,	Lundi matin	,	Secteur C	,	Secteur 2
Henri Becquerel (rue)	,	Lundi et vendredi soir	,	Jeudi soir	,	Lundi matin	,	Secteur D	,	Secteur 4
Henri Golaudin (rue)	,	Lundi et vendredi matin	,	Jeudi matin	,	Lundi matin	,	Secteur C	,	Secteur 2
Henriette (rue)	,	Lundi et vendredi matin	,	Jeudi matin	,	Lundi matin	,	Secteur D	,	Secteur 1
Henry (rue)	,	Lundi et vendredi matin	,	Jeudi matin	,	Lundi matin	,	Secteur B	,	Secteur 1
Hévin (rue)	,	Lundi et vendredi matin	,	Jeudi matin	,	Lundi matin	,	Secteur C	,	Secteur 1
Igny (voie d’)	,	Lundi et vendredi soir	,	Jeudi soir	,	Lundi matin	,	Secteur D	,	Secteur 4
Ile (allée de l’)	,	Lundi et vendredi matin	,	Jeudi matin	,	Lundi matin	,	Secteur D	,	Secteur 2
Ile Bouchard (rue de l’)	,	Lundi et vendredi matin	,	Jeudi matin	,	Lundi matin	,	Secteur D	,	Secteur 2
Ile de France (résidence)	,	Lundi et vendredi soir	,	Jeudi soir	,	Lundi matin	,	Secteur B	,	Secteur 4
Ile de France (rue de l’)	,	Borne enterrée	,	Borne enterrée	,	Lundi matin	,	Borne enterrée	,	Secteur 4 
Ile-De-France (Ecole Maternelle la Plaine) (10 rue de l’)	,	Lundi, mercredi et vendredi soir	,	Jeudi soir	,	Lundi matin	,	Secteur D	,	Secteur 4
Isabelle (allée)	,	lundi vendredi matin	,	Jeudi matin	,	Lundi matin	,	Secteur D	,	Secteur 2
Jacques Delille (rue)	,	Lundi et vendredi matin	,	Jeudi matin	,	Lundi matin	,	Secteur C	,	Secteur 2
Jardins (cité des)	,	Lundi et vendredi matin	,	Jeudi matin	,	Lundi matin	,	Secteur B	,	Secteur 3
Jean Auguste Ingres (allée)	,	Borne enterrée	,	Borne enterrée	,	Lundi matin	,	Borne enterrée	,	Secteur 3
Jean Baptiste Bouziat (rue)	,	Lundi et vendredi matin	,	Jeudi matin	,	Lundi matin	,	Secteur C	,	Secteur 1
Jean Baptiste Clément (avenue) - du n°1 au 17 et du 2 au 48	,	Lundi, mercredi et vendredi matin	,	Jeudi matin	,	Lundi matin	,	Secteur B	,	Secteur 4
Jean Baptiste Clément (avenue) - du n°50 au 136	,	Lundi, mercredi et vendredi matin	,	Jeudi matin	,	Lundi matin	,	Secteur D	,	Secteur 3
Jean Baptiste Clément (avenue) - du n°138 au 150	,	Lundi, mercredi et vendredi soir	,	Jeudi soir	,	Lundi matin	,	Secteur D	,	Secteur 3
Jean Baptiste Clément (avenue) - du n°152 au 156	,	Lundi, mercredi et vendredi soir	,	Jeudi soir	,	Lundi matin	,	Secteur D	,	Secteur 4
Jean Baptiste Clément (avenue) - du n°23 au 47	,	Lundi, mercredi et vendredi soir	,	Jeudi soir	,	Lundi matin	,	Secteur B	,	Secteur 4
Jean Baptiste Clément (avenue) - du n°49 au 149	,	Lundi, mercredi et vendredi soir	,	Jeudi soir	,	Lundi matin	,	Secteur D	,	Secteur 3
Jean Baptiste Clément (avenue) - du n°151 au 171	,	Lundi, mercredi et vendredi soir	,	Jeudi soir	,	Lundi matin	,	Secteur D	,	Secteur 4
Jean Georget (rue)	,	Lundi et vendredi matin	,	Jeudi matin	,	Lundi matin	,	Secteur C	,	Secteur 2
Jean Jacques Rousseau (rue)	,	Lundi et vendredi soir	,	Jeudi soir	,	Lundi matin	,	Secteur D	,	Secteur 3
Jean Jaurès (avenue) - Du n°2 au 172,	Lundi, mercredi et vendredi matin	,	Jeudi matin	,	Lundi matin	,	Secteur X	, Secteur 1
Jean Jaurès (avenue) - Du n°174 au 257,	Lundi, mercredi et vendredi matin	,	Jeudi matin	,	Lundi matin	,	Secteur X	, Secteur 2
Jeanne (rue)	,	Lundi et vendredi matin	,	Jeudi matin	,	Lundi matin	,	Secteur B	,	Secteur 1
Jeanne (villa)	,	Lundi et vendredi matin	,	Jeudi matin	,	Lundi matin	,	Secteur A	,	Secteur 2
Jeanne d’Arc (villa)	,	Lundi et vendredi matin	,	Jeudi matin	,	Lundi matin	,	Secteur A	,	Secteur 2
Jeanne Hachette (rue)	,	Lundi et vendredi soir	,	Jeudi soir	,	Lundi matin	,	Secteur D	,	Secteur 4
Jules Ferry (rue)	,	Lundi, mercredi et vendredi matin	,	Jeudi matin	,	Lundi matin	,	Secteur A	,	Secteur 1
Place Jules Hunebelle	,	Lundi et vendredi matin	,	Jeudi matin	,	Lundi matin	,	Secteur B	,	Secteur 1
Lacombe (rue)	,	Lundi et vendredi matin	,	Jeudi matin	,	Lundi matin	,	Secteur D	,	Secteur 2
Latecoere (allée)	,	Borne enterrée	,	Borne enterrée	,	Lundi matin	,	Borne enterrée	,	Secteur 3
Lazare Carnot (rue)	,	Lundi et vendredi matin	,	Jeudi matin	,	Lundi matin	,	Secteur A	,	Secteur 2
Leisnier (cité)	,	Lundi et vendredi matin	,	Jeudi matin	,	Lundi matin	,	Secteur B	,	Secteur 1
Léon Cambillard (avenue)	,	Lundi et vendredi soir	,	Jeudi soir	,	Lundi matin	,	Secteur D	,	Secteur 3
Leux (rue des)	,	Lundi, mercredi et vendredi matin	,	Jeudi matin	,	Lundi matin	,	Secteur A	,	Secteur 1
Liberté (rue de la)	,	Lundi et vendredi soir	,	Jeudi soir	,	Lundi matin	,	Secteur D	,	Secteur 3
Liège (rue de)	,	Lundi et vendredi matin	,	Jeudi matin	,	Lundi matin	,	Secteur D	,	Secteur 2
Lieutenant Raoul Batany (rue du)	,	Lundi et vendredi matin	,	Jeudi matin	,	Lundi matin	,	Secteur C	,	Secteur 2
Lilas (rue des)	,	Lundi et vendredi soir	,	Jeudi soir	,	Lundi matin	,	Secteur D	,	Secteur 3
Lily (rue)	,	Lundi et vendredi matin	,	Jeudi matin	,	Lundi matin	,	Secteur C	,	Secteur 2
Loges (sentier des)	,	Lundi et vendredi matin	,	Jeudi matin	,	Lundi matin	,	Secteur C	,	Secteur 2
Lorraine (rue de)	,	Borne enterrée	,	Borne enterrée	,	Lundi matin	,	Borne enterrée	,	Secteur 4
Louis Dupont (rue)	,	Lundi et vendredi matin	,	Jeudi matin	,	Lundi matin	,	Secteur A	,	Secteur 1
Louis Georges (rue)	,	Lundi et vendredi matin	,	Jeudi matin	,	Lundi matin	,	Secteur D	,	Secteur 2
Louis Grossin (villa)	,	Lundi et vendredi matin	,	Jeudi matin	,	Lundi matin	,	Secteur C	,	Secteur 2
Louis Guespin (rue)	,	Lundi et vendredi matin	,	Jeudi matin	,	Lundi matin	,	Secteur A	,	Secteur 1
Louis Moignard (impasse)	,	Lundi et vendredi matin	,	Jeudi matin	,	Lundi matin	,	Secteur C	,	Secteur 1
Louise (allée)	,	Lundi et vendredi matin	,	Jeudi matin	,	Lundi matin	,	Secteur D	,	Secteur 2
Louise Filleaux Tiger (rue)	,	Lundi et vendredi soir	,	Jeudi soir	,	Lundi matin	,	Secteur B	,	Secteur 4
Louise Possoz (rue)	,	Lundi et vendredi matin	,	Jeudi matin	,	Lundi matin	,	Secteur D	,	Secteur 1
Lucile Legrand (allée)	,	Lundi et vendredi soir	,	Jeudi soir	,	Lundi matin	,	Secteur B	,	Secteur 4
Maine (rue du)	,	Borne enterrée	,	Borne enterrée	,	Lundi matin	,	Borne enterrée	,	Secteur 4
Maison Blanche (parc de la)	,	Lundi et vendredi matin	,	Jeudi matin	,	Lundi matin	,	Secteur D	,	Secteur 2
Maison Blanche (rue de la)	,	Lundi et vendredi matin	,	Jeudi matin	,	Lundi matin	,	Secteur A	,	Secteur 1
Majadahonda (place)	,	Lundi et vendredi matin	,	Jeudi matin	,	Lundi matin	,	Secteur B	,	Secteur 1
Marcel Doret (rue)	,	Lundi et vendredi matin	,	Jeudi matin	,	Lundi matin	,	Secteur A	,	Secteur 1
Marconi (rue)	,	Lundi et vendredi soir	,	Jeudi soir	,	Lundi matin	,	Secteur D	,	Secteur 1
Marguerite (rue)	,	Lundi et vendredi matin	,	Jeudi matin	,	Lundi matin	,	Secteur C	,	Secteur 2
Marguerite Renaudin (avenue) - du n°1 au 146, secteur 2,	Lundi et vendredi matin	,	Jeudi matin	,	Lundi matin	,	Secteur X	,	Secteur 1
Marguerite Renaudin (avenue) - du n°148 au 220, secteur 2,	Lundi et vendredi matin	,	Jeudi matin	,	Lundi matin	,	Secteur X	,	Secteur 2
Marie Doffe (rue)	,	Lundi et vendredi matin	,	Jeudi matin	,	Lundi matin	,	Secteur A	,	Secteur 1
Marie Fichet (rue)	,	Lundi et vendredi soir	,	Jeudi soir	,	Lundi matin	,	Secteur D	,	Secteur 3
Marie Thérèse (allée)	,	Lundi et vendredi soir	,	Jeudi soir	,	Lundi matin	,	Secteur D	,	Secteur 4
Marquis (place)	,	Lundi et vendredi matin	,	Jeudi matin	,	Lundi matin	,	Secteur C	,	Secteur 2
Marronniers (avenue des)	,	Lundi et vendredi soir	,	Jeudi soir	,	Lundi matin	,	Secteur D	,	Secteur 3
Martial Granchamp (rue)	,	Lundi et vendredi matin	,	Jeudi matin	,	Lundi matin	,	Secteur A	,	Secteur 1
Martial Grandchamp Prolongée (rue)	,	Lundi et vendredi matin	,	Jeudi matin	,	Lundi matin	,	Secteur A	,	Secteur 1
Martin (rue)	,	Lundi et vendredi matin	,	Jeudi matin	,	Lundi matin	,	Secteur C	,	Secteur 1
Matrets (allée des)	,	Lundi et vendredi matin	,	Jeudi matin	,	Lundi matin	,	Secteur C	,	Secteur 2
Maurice Gunsbourg (place)	,	Lundi et vendredi matin	,	Jeudi matin	,	Lundi matin	,	Secteur B	,	Secteur 1
Meudon (allée de)	,	Lundi et vendredi matin	,	Jeudi matin	,	Lundi matin	,	Secteur C	,	Secteur 1
Meudon (impassedel’alléede)	,	Lundi et vendredi matin	,	Jeudi matin	,	Lundi matin	,	Secteur C	,	Secteur 1
Meudon (rue de)	,	Lundi et vendredi matin	,	Jeudi matin	,	Lundi matin	,	Secteur B	,	Secteur 1
Midi (impasse du)	,	Lundi et vendredi soir	,	Jeudi soir	,	Lundi matin	,	Secteur D	,	Secteur 1
Midi (rue du)	,	Lundi et vendredi soir	,	Jeudi soir	,	Lundi matin	,	Secteur D	,	Secteur 1
Monplaisir (rue)	,	Lundi et vendredi soir	,	Jeudi soir	,	Lundi matin	,	Secteur D	,	Secteur 1
Montesquieu (allée)	,	Borne enterrée	,	Borne enterrée	,	Lundi matin	,	Borne enterrée	,	Secteur 3
Montoir (rue du)	,	Lundi et vendredi matin	,	Jeudi matin	,	Lundi matin	,	Secteur B	,	Secteur 3
Montoir (villa du)	,	Lundi et vendredi matin	,	Jeudi matin	,	Lundi matin	,	Secteur B	,	Secteur 3
Montrous (sentier des)	,	Lundi et vendredi matin	,	Jeudi matin	,	Lundi matin	,	Secteur C	,	Secteur 2
Monts (rue des)	,	Lundi et vendredi matin	,	Jeudi matin	,	Lundi matin	,	Secteur C	,	Secteur 2
Monts (villa des)	,	Lundi et vendredi matin	,	Jeudi matin	,	Lundi matin	,	Secteur C	,	Secteur 2
Moulin de la Tour (boulevard du)	,	Lundi et vendredi soir	,	Jeudi soir	,	Lundi matin	,	Secteur D	,	Secteur 4
Moulin de Pierre (rue du)	,	Lundi et vendredi matin	,	Jeudi matin	,	Lundi matin	,	Secteur C	,	Secteur 2
Neuve Montholon (rue)	,	Lundi et vendredi matin	,	Jeudi matin	,	Lundi matin	,	Secteur C	,	Secteur 2
Newton (avenue)	,	Lundi et vendredi soir	,	Jeudi soir	,	Lundi matin	,	Secteur D	,	Secteur 4
Nieuport (rue)	,	Lundi et vendredi soir	,	Jeudi soir	,	Lundi matin	,	Secteur D	,	Secteur 3
Nivernais (allée du)	,	Borne enterrée	,	Borne enterrée	,	Lundi matin	,	Borne enterrée	,	Secteur 4
Nivernais (2 allée)	,	Lundi, mercredi et vendredi soir	,	Jeudi soir	,	Lundi matin	,	Secteur D	,	Secteur 4
Nivernais (Ecole Maternelle Anne Frank) (4 allée du)	,	Lundi et vendredi soir	,	Jeudi soir	,	Lundi matin	,	Secteur D	,	Secteur 4
Noise (rue de la)	,	Lundi et vendredi soir	,	Jeudi soir	,	Lundi matin	,	Secteur D	,	Secteur 1
Noisetiers (allée des)	,	Lundi et vendredi soir	,	Jeudi soir	,	Lundi matin	,	Secteur B	,	Secteur 4
Nord (rue du)	,	Lundi, mercredi et vendredi matin	,	Jeudi matin	,	Lundi matin	,	Secteur B	,	Secteur 1
Normandie (rue de)	,	Borne enterrée	,	Borne enterrée	,	Lundi matin	,	Borne enterrée	,	Secteur 4
Normandie (Crèche Munici- pale Multi-Accueil Normandie) (44 rue de)	,	Lundi et vendredi soir	,	Jeudi soir	,	Lundi matin	,	Secteur D	,	Secteur 4
Nouvelle (allée)	,	Lundi et vendredi matin	,	Jeudi matin	,	Lundi matin	,	Secteur A	,	Secteur 1
Nouvelle Poste (allée de la)	,	Borne enterrée	,	Borne enterrée	,	Lundi matin	,	Borne enterrée	,	Secteur 4
Oellers (allée)	,	Lundi et vendredi matin	,	Jeudi matin	,	Lundi matin	,	Secteur C	,	Secteur 2
Ouest (rue de l’)	,	Lundi, mercredi et vendredi matin	,	Jeudi matin	,	Lundi matin	,	Secteur B	,	Secteur 1
Paix (avenue de la)	,	Lundi et vendredi matin	,	Jeudi matin	,	Lundi matin	,	Secteur C	,	Secteur 2
Paix (1 avenue de la)	,	Lundi, mercredi et vendredi matin	,	Jeudi matin	,	Lundi matin	,	Secteur C	,	Secteur 2
Panorama (rue du)	,	Lundi et vendredi soir	,	Jeudi soir	,	Lundi matin	,	Secteur B	,	Secteur 4
Parc (chemin du)	,	Lundi et vendredi soir	,	Jeudi soir	,	Lundi matin	,	Secteur D	,	Secteur 3
Parc (rue du)	,	Lundi et vendredi soir	,	Jeudi soir	,	Lundi matin	,	Secteur D	,	Secteur 3
Parc de Fleury (rue du)	,	Lundi et vendredi matin	,	Jeudi matin	,	Lundi matin	,	Secteur D	,	Secteur 3
Parmentier (rue)	,	Lundi et vendredi matin	,	Jeudi matin	,	Lundi matin	,	Secteur D	,	Secteur 2
Pascal (rue)	,	Lundi et vendredi matin	,	Jeudi matin	,	Lundi matin	,	Secteur C	,	Secteur 2
Pasteur (rue)	,	Lundi et vendredi soir	,	Jeudi soir	,	Lundi matin	,	Secteur D	,	Secteur 3
Paul Andrillon (rue)	,	Lundi et vendredi soir	,	Jeudi soir	,	Lundi matin	,	Secteur D	,	Secteur 3
Paul Bert (rue)	,	Lundi, mercredi et vendredi matin	,	Jeudi matin	,	Lundi matin	,	Secteur A	,	Secteur 2
Paul Eluard (rue)	,	Lundi et vendredi matin	,	Jeudi matin	,	Lundi matin	,	Secteur A	,	Secteur 2
Paul Pade (rue)	,	Lundi et vendredi soir	,	Jeudi soir	,	Lundi matin	,	Secteur B	,	Secteur 4
Paul Vaillant Couturier (rue)	,	Lundi, mercredi et vendredi matin	,	Jeudi matin	,	Lundi matin	,	Secteur B	,	Secteur 1
Pavé Blanc (route du)	,	Lundi, mercredi et vendredi soir	,	Jeudi soir	,	Lundi matin	,	Secteur D	,	Secteur 3
Pavillon (villa)	,	Lundi et vendredi matin	,	Jeudi matin	,	Lundi matin	,	Secteur C	,	Secteur 2
Pépinière (cité de la)	,	Lundi et vendredi matin	,	Jeudi matin	,	Lundi matin	,	Secteur C	,	Secteur 2
Percy (rue de)	,	Lundi et vendredi matin	,	Jeudi matin	,	Lundi matin	,	Secteur D	,	Secteur 2
Percy (villa)	,	Lundi et vendredi matin	,	Jeudi matin	,	Lundi matin	,	Secteur C	,	Secteur 2
Perreyon (rue)	,	Lundi et vendredi soir	,	Jeudi soir	,	Lundi matin	,	Secteur D	,	Secteur 3
Perouse (allée la)	,	Borne enterrée	,	Borne enterrée	,	Lundi matin	,	Borne enterrée	,	Secteur 3
Perthuis (rue)	,	Lundi et vendredi matin	,	Jeudi matin	,	Lundi matin	,	Secteur C	,	Secteur 2
Perthuis (villa)	,	Lundi et vendredi matin	,	Jeudi matin	,	Lundi matin	,	Secteur C	,	Secteur 2
Petit Clamart (avenue du)	,	Lundi et vendredi soir	,	Jeudi soir	,	Lundi matin	,	Secteur D	,	Secteur 3
Petit Clamart (rond point du)	,	Lundi et vendredi soir	,	Jeudi soir	,	Lundi matin	,	Secteur D	,	Secteur 3
Petits Pois (rue des)	,	Lundi et vendredi matin	,	Jeudi matin	,	Lundi matin	,	Secteur D	,	Secteur 1
Petits Ponts (chemin des)	,	Lundi et vendredi soir	,	Jeudi soir	,	Lundi matin	,	Secteur D	,	Secteur 4
Picardie (rue de)	,	Borne enterrée	,	Borne enterrée	,	Lundi matin	,	Borne enterrée	,	Secteur 4
Pierre Baudry (rue)	,	Lundi et vendredi matin	,	Jeudi matin	,	Lundi matin	,	Secteur A	,	Secteur 2
Pierre Benoit (allée)	,	Borne enterrée	,	Borne enterrée	,	Lundi matin	,	Borne enterrée	,	Secteur 3
Pierre Bogaert (rue)	,	Lundi et vendredi soir	,	Jeudi soir	,	Lundi matin	,	Secteur D	,	Secteur 3
Pierre Brossolette (rue)	,	Lundi et vendredi matin	,	Jeudi matin	,	Lundi matin	,	Secteur C	,	Secteur 2
Pierre Corby (rue)	,	Lundi et vendredi soir	,	Jeudi soir	,	Lundi matin	,	Secteur B	,	Secteur 4
Pierre Corby (7 rue)	,	Lundi, mercredi et vendredi matin	,	Jeudi matin	,	Lundi matin	,	Secteur B	,	Secteur 4
Pierre Corby (Ecole Jean Monet) (27 rue)	,	Lundi, mercredi et vendredi soir	,	Jeudi soir	,	Lundi matin	,	Secteur B	,	Secteur 4
Pierre de Fermat (allée)	,	Borne enterrée	,	Borne enterrée	,	Lundi matin	,	Borne enterrée	,	Secteur 3
Pierre et Marie Curie (rue)	,	Lundi, mercredi et vendredi matin	,	Jeudi matin	,	Lundi matin	,	Secteur B	,	Secteur 1
Pierre Franquet (rue)	,	Lundi, mercredi et vendredi matin	,	Jeudi matin	,	Lundi matin	,	Secteur D	,	Secteur 1
Pierre Loti (allée)	,	Lundi et vendredi matin	,	Jeudi matin	,	Lundi matin	,	Secteur D	,	Secteur 2
Pierre Louvrier (rue)	,	Lundi, mercredi et vendredi matin	,	Jeudi matin	,	Lundi matin	,	Secteur A	,	Secteur 1
Pierre Louvrier (allée)	,	Lundi et vendredi matin	,	Jeudi matin	,	Lundi matin	,	Secteur A	,	Secteur 1
Plaine (rue de la)	,	Lundi et vendredi soir	,	Jeudi soir	,	Lundi matin	,	Secteur D	,	Secteur 3
Plaine (cité de la)	,	Borne enterrée	,	Borne enterrée	,	Lundi matin	,	Borne enterrée	,	Secteur 4
Plaine (mail de la)	,	Borne enterrée	,	Borne enterrée	,	Lundi matin	,	Borne enterrée	,	Secteur 4
Plains (sentier des)	,	Lundi et vendredi matin	,	Jeudi matin	,	Lundi matin	,	Secteur C	,	Secteur 2
Plaisance (rue de)	,	Lundi et vendredi soir	,	Jeudi soir	,	Lundi matin	,	Secteur D	,	Secteur 3
Planchais (passage)	,	Lundi et vendredi soir	,	Jeudi soir	,	Lundi matin	,	Secteur D	,	Secteur 1
Plantes (rue des)	,	Lundi et vendredi soir	,	Jeudi soir	,	Lundi matin	,	Secteur D	,	Secteur 3
Platanes (avenue des)	,	Lundi et vendredi soir	,	Jeudi soir	,	Lundi matin	,	Secteur D	,	Secteur 3
Plateau (impasse du)	,	Lundi et vendredi soir	,	Jeudi soir	,	Lundi matin	,	Secteur D	,	Secteur 3
Plâtrière (rue de la)	,	Lundi et vendredi matin	,	Jeudi matin	,	Lundi matin	,	Secteur D	,	Secteur 2
Plessis Piquet (rue du)	,	Lundi, mercredi et vendredi matin	,	Jeudi matin	,	Lundi matin	,	Secteur B	,	Secteur 4
Pommiers (rue des)	,	Lundi, mercredi et vendredi soir	,	Jeudi soir	,	Lundi matin	,	Secteur D	,	Secteur 3
Pommiers (allée des)	,	Lundi et vendredi matin	,	Jeudi matin	,	Lundi matin	,	Secteur A	,	Secteur 1
Pont d’Amour (rue du)	,	Lundi et vendredi matin	,	Jeudi matin	,	Lundi matin	,	Secteur C	,	Secteur 2
Porte de Chatillon (route de la)	,	Lundi et vendredi matin	,	Jeudi matin	,	Lundi matin	,	Secteur D	,	Secteur 3
Porte de Trivaux (rue de la) - du n°1 au 167 et du n°2 au 102	,	Lundi et vendredi soir	,	Jeudi soir	,	Lundi matin	,	Secteur D	,	Secteur 4
Porte de Trivaux (rue de la) -du n°104 au 134	,	Lundi et vendredi soir	,	Jeudi soir	,	Lundi matin	,	Secteur D	,	Secteur 4
Porte de Trivaux (rue de la) -du n°136 au 146	,	Lundi et vendredi soir	,	Jeudi soir	,	Lundi matin	,	Secteur D	,	Secteur 3
Porte de Trivaux (rue de la) du n°169 au 197	,	Borne enterrée	,	Borne enterrée	,	Lundi matin	,	Bornes enterrées + secteur D	,	Secteur 4
Porte de Trivaux (rue de la) - du n°201 au 207	,	Borne enterrée	,	Borne enterrée	,	Lundi matin	,	Bornes enterrées + secteur D	,	Secteur 3
Porte de Trivaux (rue de la) - n°199 résidence de la Chaumière	,	Lundi, mercredi et vendredi soir	,	Jeudi soir	,	Lundi matin	,	Secteur D	,	Secteur 3
Poste (allée de la)	,	Borne enterrée	,	Borne enterrée	,	Lundi matin	,	Borne enterrée	,	Secteur 4
Prés (rue des)	,	Lundi et vendredi soir	,	Jeudi soir	,	Lundi matin	,	Secteur D	,	Secteur 3
Président Roosevelt (rue du)	,	Lundi et vendredi matin	,	Jeudi matin	,	Lundi matin	,	Secteur C	,	Secteur 2
Pressoir (allée du)	,	Lundi et vendredi matin	,	Jeudi matin	,	Lundi matin	,	Secteur B	,	Secteur 4
Princesse (rue)	,	Lundi, mercredi et vendredi matin	,	Jeudi matin	,	Lundi matin	,	Secteur B	,	Secteur 1
Printemps (avenue du)	,	Lundi et vendredi soir	,	Jeudi soir	,	Lundi matin	,	Secteur B	,	Secteur 4
Progrès (avenue du)	,	Lundi et vendredi soir	,	Jeudi soir	,	Lundi matin	,	Secteur D	,	Secteur 3
Provence (rue de)	,	Borne enterrée	,	Borne enterrée	,	Lundi matin	,	Borne enterrée	,	Secteur 4
Pucelles (sentier des)	,	Lundi et vendredi matin	,	Jeudi matin	,	Lundi matin	,	Secteur C	,	Secteur 2
Pyrénées (allée des)	,	Lundi et vendredi soir	,	Jeudi soir	,	Lundi matin	,	Secteur D	,	Secteur 3
Racine (rue)	,	Lundi et vendredi soir	,	Jeudi soir	,	Lundi matin	,	Secteur D	,	Secteur 3
Reaumur (avenue)	,	Lundi et vendredi soir	,	Jeudi soir	,	Lundi matin	,	Secteur D	,	Secteur 3
Réné Samuel (avenue)	,	Lundi, mercredi et vendredi matin	,	Jeudi matin	,	Lundi matin	,	Secteur B	,	Secteur 1
République (avenue de la)	,	Lundi et vendredi soir	,	Jeudi soir	,	Lundi matin	,	Secteur D	,	Secteur 3
Rochers (petit sentier des)	,	Lundi et vendredi matin	,	Jeudi matin	,	Lundi matin	,	Secteur C	,	Secteur 2
Rochers (rue des)	,	Lundi et vendredi matin	,	Jeudi matin	,	Lundi matin	,	Secteur C	,	Secteur 2
Roger (rue)	,	Lundi et vendredi matin	,	Jeudi matin	,	Lundi matin	,	Secteur A	,	Secteur 1
Roissys (rue des) - Du n°1 au 115,	Lundi, mercredi et vendredi matin	,	Jeudi matin	,	Lundi matin	,	Secteur A	,	Secteur 1
Roissys (rue des) - Du n°117 au 199,	Lundi, mercredi et vendredi matin	,	Jeudi matin	,	Lundi matin	,	Secteur A	,	Secteur 2
Roses (villa des)	,	Lundi et vendredi soir	,	Jeudi soir	,	Lundi matin	,	Secteur B	,	Secteur 4
Rosiers (allée des)	,	Lundi et vendredi matin	,	Jeudi matin	,	Lundi matin	,	Secteur A	,	Secteur 2
Roue (rue de la)	,	Lundi et vendredi matin	,	Jeudi matin	,	Lundi matin	,	Secteur C	,	Secteur 2
Ruisseaux (rue des)	,	Lundi et vendredi matin	,	Jeudi matin	,	Lundi matin	,	Secteur B	,	Secteur 1
Sablons (rue des)	,	Lundi et vendredi matin	,	Jeudi matin	,	Lundi matin	,	Secteur C	,	Secteur 2
Saint Christophe (rue)	,	Lundi, mercredi et vendredi matin	,	Jeudi matin	,	Lundi matin	,	Secteur D	,	Secteur 4
Saint Étienne (villa)	,	Lundi et vendredi matin	,	Jeudi matin	,	Lundi matin	,	Secteur A	,	Secteur 1
Saint Pierre (rue)	,	Lundi, mercredi et vendredi matin	,	Jeudi matin	,	Lundi matin	,	Secteur B	,	Secteur 1
Sans Souci (impasse)	,	Lundi et vendredi soir	,	Jeudi soir	,	Lundi matin	,	Secteur D	,	Secteur 1
Sans Souci (villa)	,	Lundi et vendredi soir	,	Jeudi soir	,	Lundi matin	,	Secteur B	,	Secteur 4
Savoie (rue de la)	,	Lundi et vendredi soir	,	Jeudi soir	,	Lundi matin	,	Secteur B	,	Secteur 4
Schneider (avenue)	,	Lundi et vendredi matin	,	Jeudi matin	,	Lundi matin	,	Secteur C	,	Secteur 2
Schneider (villa)	,	Lundi et vendredi matin	,	Jeudi matin	,	Lundi matin	,	Secteur C	,	Secteur 2
Scunthorpe (place de)	,	Borne enterrée	,	Borne enterrée	,	Lundi matin	,	Borne enterrée	,	Secteur 4
Scunthorpe Résidence (place de)	,	Lundi et vendredi soir	,	Jeudi soir	,	Lundi matin	,	Secteur D	,	Secteur 4
Serpis (rue)	,	Lundi et vendredi soir	,	Jeudi soir	,	Lundi matin	,	Secteur D	,	Secteur 4
Sevres (allée de)	,	Lundi et vendredi matin	,	Jeudi matin	,	Lundi matin	,	Secteur C	,	Secteur 1
Soleil Levant (rue du)	,	Lundi et vendredi soir	,	Jeudi soir	,	Lundi matin	,	Secteur D	,	Secteur 1
Sorbiers (rue des)	,	Lundi et vendredi soir	,	Jeudi soir	,	Lundi matin	,	Secteur D	,	Secteur 1
Stendhal (rue)	,	Lundi, mercredi et vendredi soir	,	Jeudi soir	,	Lundi matin	,	Secteur D	,	Secteur 3
Stendhal (avenue)	,	Lundi et vendredi soir	,	Jeudi soir	,	Lundi matin	,	Secteur D	,	Secteur 3
Sud (rue du)	,	Lundi et vendredi matin	,	Jeudi matin	,	Lundi matin	,	Secteur B	,	Secteur 1
Sud (cour du)	,	Lundi et vendredi soir	,	Jeudi soir	,	Lundi matin	,	Secteur D	,	Secteur 4
Sygrie (avenue de la)	,	Lundi et vendredi soir	,	Jeudi soir	,	Lundi matin	,	Secteur D	,	Secteur 3
Sygrie (place de la)	,	Lundi et vendredi soir	,	Jeudi soir	,	Lundi matin	,	Secteur D	,	Secteur 3
Taboise (rue)	,	Lundi et vendredi matin	,	Jeudi matin	,	Lundi matin	,	Secteur D	,	Secteur 2
Taboise (18 rue)	,	Lundi, mercredi et vendredi matin	,	Jeudi matin	,	Lundi matin	,	Secteur D	,	Secteur 2
Telephones (allée des)	,	Lundi et vendredi matin	,	Jeudi matin	,	Lundi matin	,	Secteur C	,	Secteur 2
Toulouse Lautrec (allée)	,	Borne enterrée	,	Borne enterrée	,	Lundi matin	,	Borne enterrée	,	Secteur 3
Tour (impasse de la)	,	Lundi et vendredi soir	,	Jeudi soir	,	Lundi matin	,	Secteur D	,	Secteur 4
Touraine (rue de)	,	Borne enterrée	,	Borne enterrée	,	Lundi matin	,	Borne enterrée	,	Secteur 4
Tranquillite (impasse de la)	,	Lundi et vendredi soir	,	Jeudi soir	,	Lundi matin	,	Secteur B	,	Secteur 4
Travers Loups (rue des)	,	Lundi et vendredi matin	,	Jeudi matin	,	Lundi matin	,	Secteur A	,	Secteur 1
Traversière (rue)	,	Lundi et vendredi matin	,	Jeudi matin	,	Lundi matin	,	Secteur B	,	Secteur 4
Tricots (rue des)	,	Lundi et vendredi matin	,	Jeudi matin	,	Lundi matin	,	Secteur C	,	Secteur 2
Trivaux la Garenne (cité)	,	Borne enterrée	,	Borne enterrée	,	Lundi matin	,	Borne enterrée	,	Secteur 3
Trosy (rue du)	,	Lundi, mercredi et vendredi matin	,	Jeudi matin	,	Lundi matin	,	Secteur X	,	Secteur 1
Trosy (55 bis rue du)	,	Lundi, mercredi et vendredi matin	,	Jeudi matin	,	Lundi matin	,	Secteur C	,	Secteur1
Truilles (rue des)	,	Lundi et vendredi matin	,	Jeudi matin	,	Lundi matin	,	Secteur D	,	Secteur 2
Union (villa de l’)	,	Lundi et vendredi matin	,	Jeudi matin	,	Lundi matin	,	Secteur C	,	Secteur 2
Vallée (allée de la)	,	Lundi et vendredi matin	,	Jeudi matin	,	Lundi matin	,	Secteur C	,	Secteur 2
Vallée (impasse de la)	,	Lundi et vendredi matin	,	Jeudi matin	,	Lundi matin	,	Secteur C	,	Secteur 2
Vallée (passage de la)	,	Lundi et vendredi matin	,	Jeudi matin	,	Lundi matin	,	Secteur C	,	Secteur 2
Vallée du Bois (rue de la)	,	Lundi et vendredi matin	,	Jeudi matin	,	Lundi matin	,	Secteur C	,	Secteur 2
Vallées (villa des)	,	Lundi et vendredi matin	,	Jeudi matin	,	Lundi matin	,	Secteur C	,	Secteur 2
Vanves (rue de)	,	Lundi, mercredi et vendredi matin	,	Jeudi matin	,	Lundi matin	,	Secteur A	,	Secteur 2
Vanves (impasse de)	,	Lundi et vendredi matin	,	Jeudi matin	,	Lundi matin	,	Secteur D	,	Secteur 2
Vendée (rue de)	,	Borne enterrée	,	Borne enterrée	,	Lundi matin	,	Borne enterrée	,	Secteur 4
Vendée (Collège des Petits Ponts) (7 rue de)	,	Lundi et vendredi soir	,	Jeudi soir	,	Lundi matin	,	Secteur D	,	Secteur 4
Verdun (rue de)	,	Lundi et vendredi matin	,	Jeudi matin	,	Lundi matin	,	Secteur C	,	Secteur 2
Versailles (rue de)	,	Lundi et vendredi soir	,	Jeudi soir	,	Lundi matin	,	Secteur D	,	Secteur 4
Vezous (petit sentier des)	,	Lundi et vendredi matin	,	Jeudi matin	,	Lundi matin	,	Secteur C	,	Secteur 2
Vezous (rue des)	,	Lundi et vendredi matin	,	Jeudi matin	,	Lundi matin	,	Secteur C	,	Secteur 2
Victor Hugo (avenue) - Du n°2 au 173,	Lundi, mercredi et vendredi matin	,	Jeudi matin	,	Lundi matin	,	Secteur A	,	Secteur 1
Victor Hugo (avenue) - Du n°175 au 248,	Lundi, mercredi et vendredi matin	,	Jeudi matin	,	Lundi matin	,	Secteur A	,	Secteur 2  
Victor Hugo (cité)	,	Lundi, mercredi et vendredi matin	,	Jeudi matin	,	Lundi matin	,	Secteur D	,	Secteur 2
Victor Hugo (allée)	,	Lundi et vendredi matin	,	Jeudi matin	,	Lundi matin	,	Secteur A	,	Secteur 1
Vieux Cimetière (route du)	,	Lundi et vendredi matin	,	Jeudi matin	,	Lundi matin	,	Secteur B	,	Secteur 1
Vignes (coteau des)	,	Lundi et vendredi matin	,	Jeudi matin	,	Lundi matin	,	Secteur A	,	Secteur 2
Vignes (impasse des)	,	Lundi et vendredi matin	,	Jeudi matin	,	Lundi matin	,	Secteur A	,	Secteur 1
Vignes (rue des)	,	Lundi et vendredi matin	,	Jeudi matin	,	Lundi matin	,	Secteur A	,	Secteur 1
Villacoublay (avenue de)	,	Borne enterrée	,	Borne enterrée	,	Lundi matin	,	Borne enterrée	,	Secteur 3
Voie Verte (rue de la)	,	Lundi et vendredi matin	,	Jeudi matin	,	Lundi matin	,	Secteur B	,	Secteur 1
Volontaires (rue des)	,	Lundi et vendredi matin	,	Jeudi matin	,	Lundi matin	,	Secteur C	,	Secteur 2
Rue Voltaire	,	Lundi et vendredi soir	,	Jeudi soir	,	Lundi matin	,	Secteur D	,	Secteur 3
Rue Yves Kermen	,	Lundi et vendredi soir	,	Jeudi soir	,	Lundi matin	,	Secteur D	,	Secteur 3